employee_id,name,department,age,salary,years_experience,performance_score,projects_completed,hire_date,is_manager
1,Employee_1,HR,33,119022,22,4.31,15,2022-03-04,False
2,Employee_2,Finance,57,48743,24,1.19,34,2016-04-01,False
3,Employee_3,Marketing,25,78368,18,3.91,29,2015-04-13,False
4,Employee_4,Finance,26,120025,4,4.1,9,2023-04-26,False
5,Employee_5,Finance,58,104172,10,2.41,37,2018-01-31,False
6,Employee_6,Engineering,29,36441,11,4.3,17,2017-09-30,False
7,Employee_7,Marketing,63,149735,9,3.06,49,2017-07-03,False
8,Employee_8,Marketing,49,54611,7,2.85,4,2016-07-25,False
9,Employee_9,Marketing,52,149891,23,1.18,28,2023-04-05,False
10,Employee_10,Finance,30,137971,27,2.16,38,2016-02-24,False
11,Employee_11,HR,50,42149,35,4.72,33,2022-08-03,False
12,Employee_12,Marketing,35,130102,36,2.57,42,2023-04-22,False
13,Employee_13,Finance,61,89189,20,3.19,44,2021-02-11,False
14,Employee_14,Engineering,62,137904,7,3.13,22,2015-12-23,False
15,Employee_15,HR,43,51675,8,3.36,4,2021-08-15,True
16,Employee_16,Engineering,32,101031,14,1.25,29,2019-09-25,True
17,Employee_17,HR,44,72668,39,2.45,5,2015-05-11,False
18,Employee_18,Finance,22,43673,17,3.89,45,2015-05-03,False
19,Employee_19,Sales,58,106666,19,1.8,43,2016-01-19,False
20,Employee_20,HR,42,118204,5,1.81,3,2017-06-14,False
21,Employee_21,Engineering,47,110758,11,1.04,28,2017-08-10,False
22,Employee_22,Finance,57,95429,1,2.75,22,2020-08-31,False
23,Employee_23,HR,44,53669,6,4.53,5,2021-10-01,True
24,Employee_24,Sales,22,64068,15,1.21,31,2015-04-19,False
25,Employee_25,Sales,61,118789,2,1.76,41,2021-04-17,False
26,Employee_26,Marketing,36,39435,2,2.24,17,2017-03-25,False
27,Employee_27,Marketing,42,124088,26,3.93,14,2023-01-11,False
28,Employee_28,Engineering,30,82249,39,3.56,39,2022-04-15,True
29,Employee_29,HR,30,67384,37,2.66,31,2022-11-12,False
30,Employee_30,HR,31,111929,32,4.04,8,2021-02-10,False
31,Employee_31,Marketing,47,106153,27,3.44,36,2019-09-15,False
32,Employee_32,HR,62,134056,0,4.58,9,2017-06-21,False
33,Employee_33,HR,56,105388,7,4.27,19,2020-01-14,False
34,Employee_34,Sales,46,61401,36,2.01,5,2021-08-10,False
35,Employee_35,Marketing,47,101831,31,2.09,47,2018-02-13,False
36,Employee_36,Finance,32,149503,36,1.5,2,2024-01-29,False
37,Employee_37,Marketing,59,145760,3,2.35,41,2024-09-30,False
38,Employee_38,Finance,23,131529,29,5.0,10,2015-01-27,False
39,Employee_39,Sales,28,64084,5,2.62,42,2023-07-06,False
40,Employee_40,Engineering,39,140641,18,1.88,16,2024-01-14,True
41,Employee_41,HR,48,135111,31,4.05,31,2016-10-15,False
42,Employee_42,Sales,55,85826,8,3.17,3,2022-10-30,False
43,Employee_43,HR,48,66451,11,1.6,3,2019-09-28,False
44,Employee_44,Engineering,38,37227,10,2.52,16,2018-10-25,False
45,Employee_45,Engineering,64,61910,15,2.66,40,2018-02-12,True
46,Employee_46,Sales,45,66041,0,4.02,18,2016-09-28,False
47,Employee_47,Engineering,46,118920,20,1.08,4,2017-05-31,False
48,Employee_48,Finance,28,95681,29,2.08,31,2023-07-25,False
49,Employee_49,Engineering,27,133314,12,3.07,21,2018-10-10,False
50,Employee_50,HR,45,111571,33,2.08,5,2016-02-23,False
51,Employee_51,HR,54,95481,3,3.51,34,2016-01-15,False
52,Employee_52,HR,50,98576,27,2.93,21,2019-04-06,False
53,Employee_53,HR,64,137958,37,2.45,0,2016-02-01,False
54,Employee_54,Finance,43,94174,30,4.8,19,2019-01-10,False
55,Employee_55,Marketing,47,56160,26,3.53,21,2024-07-03,False
56,Employee_56,Sales,49,145170,4,1.52,47,2018-11-09,False
57,Employee_57,HR,42,147867,24,3.24,10,2021-10-08,False
58,Employee_58,Engineering,28,47633,2,4.12,12,2017-12-19,False
59,Employee_59,HR,38,124880,32,3.83,41,2024-01-19,False
60,Employee_60,Engineering,41,47014,3,1.69,2,2015-06-27,False
61,Employee_61,Engineering,62,110532,24,4.89,8,2023-03-08,False
62,Employee_62,HR,41,79104,19,2.8,11,2020-02-25,False
63,Employee_63,Finance,43,71621,33,1.64,22,2021-01-05,False
64,Employee_64,Engineering,49,107231,25,1.72,13,2016-05-26,True
65,Employee_65,Engineering,61,98388,4,1.39,32,2019-03-31,False
66,Employee_66,HR,28,46014,34,4.21,17,2015-11-19,False
67,Employee_67,Engineering,22,122578,27,1.49,48,2021-03-11,False
68,Employee_68,Engineering,53,63755,28,1.5,40,2018-04-15,False
69,Employee_69,HR,34,70390,8,4.4,8,2024-04-20,False
70,Employee_70,HR,51,53711,37,2.38,22,2022-01-18,False
71,Employee_71,Sales,44,121658,5,1.12,9,2021-12-08,False
72,Employee_72,Finance,40,87993,18,1.21,18,2024-12-05,False
73,Employee_73,Finance,53,104696,10,1.57,46,2024-08-30,False
74,Employee_74,Engineering,51,57213,1,1.85,4,2019-01-21,False
75,Employee_75,Finance,50,145788,8,3.66,46,2021-06-22,False
76,Employee_76,Engineering,50,134956,20,1.63,22,2017-02-26,False
77,Employee_77,Sales,51,87784,23,1.48,29,2022-11-25,False
78,Employee_78,HR,37,37421,33,4.06,24,2015-10-12,False
79,Employee_79,HR,61,116936,21,3.68,27,2015-07-07,False
80,Employee_80,HR,40,129073,2,2.74,33,2022-06-01,False
81,Employee_81,Finance,39,47727,11,3.2,44,2017-07-22,False
82,Employee_82,Sales,22,142418,27,2.25,47,2023-09-02,False
83,Employee_83,Finance,35,34358,29,2.93,46,2018-03-31,False
84,Employee_84,Finance,23,95108,25,3.03,24,2015-11-23,False
85,Employee_85,Sales,49,124018,20,2.55,9,2024-08-04,False
86,Employee_86,Sales,51,62117,27,4.63,13,2017-08-11,False
87,Employee_87,Sales,59,118700,25,1.06,41,2024-09-19,False
88,Employee_88,Sales,25,61910,32,4.13,45,2016-02-18,True
89,Employee_89,HR,22,128032,20,1.5,29,2019-04-06,False
90,Employee_90,Marketing,29,85754,34,4.19,40,2018-02-12,True
91,Employee_91,Marketing,50,92438,33,3.46,24,2020-02-01,False
92,Employee_92,Sales,60,139847,17,4.37,13,2022-02-16,False
93,Employee_93,Marketing,24,59371,10,1.39,34,2024-05-09,False
94,Employee_94,Marketing,53,81501,22,3.24,47,2019-02-03,False
95,Employee_95,Sales,31,90946,21,3.0,33,2016-10-28,False
96,Employee_96,Marketing,31,68467,16,3.82,9,2019-02-25,False
97,Employee_97,Finance,40,47625,4,3.14,34,2018-12-26,False
98,Employee_98,Engineering,55,63893,10,3.16,10,2017-05-08,False
99,Employee_99,Engineering,54,106329,29,2.72,10,2022-07-08,True
100,Employee_100,Sales,44,61007,14,2.24,20,2017-12-29,False
101,Employee_101,HR,49,121302,26,2.93,20,2022-11-14,False
102,Employee_102,Sales,53,69532,34,1.47,21,2022-08-31,False
103,Employee_103,HR,28,84253,32,4.85,44,2022-04-08,False
104,Employee_104,Engineering,50,42323,19,3.86,6,2015-10-20,False
105,Employee_105,Sales,29,141335,15,4.81,16,2021-10-31,False
106,Employee_106,Finance,22,142356,33,1.91,1,2022-02-13,False
107,Employee_107,Marketing,24,140944,1,4.52,11,2016-12-01,True
108,Employee_108,HR,45,103379,34,4.24,41,2020-12-27,False
109,Employee_109,Marketing,44,44210,39,3.71,17,2023-03-06,False
110,Employee_110,Marketing,29,46456,27,3.5,10,2017-09-29,False
111,Employee_111,Sales,58,61367,38,2.27,15,2016-10-31,True
112,Employee_112,Marketing,24,84624,5,4.27,48,2020-03-08,False
113,Employee_113,Finance,54,40106,8,3.01,17,2019-04-04,False
114,Employee_114,Marketing,49,133493,19,1.28,34,2018-01-10,False
115,Employee_115,Sales,29,98008,0,2.25,25,2022-03-06,False
116,Employee_116,Finance,55,145395,7,4.74,15,2022-09-19,False
117,Employee_117,Engineering,56,146492,22,4.4,5,2021-03-31,False
118,Employee_118,Marketing,53,102240,2,4.93,43,2017-06-18,False
119,Employee_119,Sales,45,94315,3,3.51,42,2022-09-05,False
120,Employee_120,Engineering,35,99249,24,1.99,46,2018-08-21,True
121,Employee_121,Engineering,53,100587,37,1.65,46,2024-06-14,False
122,Employee_122,HR,64,40756,14,1.75,47,2023-08-14,False
123,Employee_123,Finance,37,98011,20,1.08,41,2023-09-14,False
124,Employee_124,Marketing,25,66378,34,2.56,11,2015-08-18,False
125,Employee_125,Sales,58,34255,13,1.77,12,2017-07-27,False
126,Employee_126,HR,42,44484,35,2.65,3,2024-03-20,False
127,Employee_127,Finance,35,86549,11,4.74,38,2015-05-12,True
128,Employee_128,HR,52,64503,16,2.72,1,2024-01-11,False
129,Employee_129,Finance,39,103794,38,4.51,25,2018-07-16,False
130,Employee_130,Finance,28,136283,8,3.42,26,2019-07-02,False
131,Employee_131,Marketing,31,130732,34,1.99,26,2018-01-01,False
132,Employee_132,Finance,28,75113,12,2.42,14,2015-09-29,False
133,Employee_133,HR,54,135730,14,1.34,7,2017-05-14,False
134,Employee_134,Finance,44,104069,17,2.33,6,2021-05-12,False
135,Employee_135,Marketing,42,128117,32,3.71,46,2024-10-29,False
136,Employee_136,Marketing,40,35249,5,1.29,45,2023-01-19,False
137,Employee_137,HR,40,149979,26,1.82,39,2018-07-12,False
138,Employee_138,Engineering,57,49201,22,2.53,11,2017-05-20,False
139,Employee_139,Engineering,50,88576,26,4.93,12,2022-05-08,False
140,Employee_140,Finance,39,148562,33,4.14,42,2020-08-06,False
141,Employee_141,Sales,23,39686,37,3.93,16,2019-06-09,False
142,Employee_142,Finance,22,142413,13,1.46,16,2024-12-02,False
143,Employee_143,HR,26,83363,35,4.12,35,2022-03-18,True
144,Employee_144,HR,41,127543,7,4.14,20,2020-02-23,False
145,Employee_145,HR,32,30661,34,3.4,7,2016-08-08,False
146,Employee_146,HR,63,74843,18,4.96,4,2017-12-20,False
147,Employee_147,HR,23,125673,29,2.3,25,2016-07-25,False
148,Employee_148,Marketing,24,90963,13,4.77,15,2017-10-07,False
149,Employee_149,Engineering,44,143092,19,4.66,35,2023-05-10,False
150,Employee_150,HR,33,72828,24,1.05,27,2021-04-18,True
151,Employee_151,Sales,41,78604,39,2.8,28,2021-01-16,False
152,Employee_152,Sales,26,40526,23,4.91,46,2017-12-12,False
153,Employee_153,Sales,58,98910,13,1.41,11,2023-05-18,True
154,Employee_154,Sales,59,55592,25,3.19,36,2021-07-22,False
155,Employee_155,Marketing,51,58982,37,4.92,29,2019-10-21,False
156,Employee_156,Sales,30,30207,22,3.22,22,2021-07-18,False
157,Employee_157,HR,55,130969,21,1.76,15,2019-06-24,False
158,Employee_158,Finance,56,147181,18,3.33,13,2019-01-22,False
159,Employee_159,Sales,43,118733,2,1.82,9,2017-06-17,False
160,Employee_160,Marketing,45,128936,18,3.08,6,2016-07-20,False
161,Employee_161,Marketing,38,98619,8,1.3,44,2020-09-18,False
162,Employee_162,Sales,31,59328,27,3.42,36,2020-07-14,False
163,Employee_163,Finance,51,76479,19,3.07,28,2016-01-08,True
164,Employee_164,Sales,44,138427,6,3.96,2,2023-06-23,True
165,Employee_165,Marketing,53,50103,13,3.52,14,2015-07-12,False
166,Employee_166,Engineering,38,69891,8,3.2,35,2024-08-28,False
167,Employee_167,HR,38,40754,18,3.76,46,2016-03-25,False
168,Employee_168,Marketing,35,129983,13,1.58,45,2016-09-18,False
169,Employee_169,Sales,30,111437,37,3.38,18,2022-01-14,False
170,Employee_170,HR,61,128540,35,1.69,12,2016-10-17,False
171,Employee_171,Sales,23,102982,39,4.7,41,2023-11-19,False
172,Employee_172,Sales,46,132747,16,1.27,20,2022-08-19,False
173,Employee_173,Engineering,60,85922,29,2.72,36,2019-09-26,False
174,Employee_174,HR,30,78231,8,3.78,26,2021-09-08,False
175,Employee_175,HR,43,59301,32,2.83,28,2015-09-18,True
176,Employee_176,Engineering,64,121652,24,1.37,19,2019-04-26,False
177,Employee_177,Marketing,25,92711,13,3.21,24,2019-04-13,False
178,Employee_178,Sales,47,71323,10,3.57,5,2021-09-06,True
179,Employee_179,Finance,50,48752,34,3.82,35,2020-04-01,False
180,Employee_180,Sales,55,127912,13,2.49,1,2020-12-07,False
181,Employee_181,Sales,44,112205,29,3.25,21,2017-10-26,False
182,Employee_182,Marketing,58,128452,3,2.8,31,2021-03-16,False
183,Employee_183,Sales,32,43395,3,3.69,15,2024-08-26,False
184,Employee_184,Engineering,27,115957,27,3.33,17,2015-02-17,False
185,Employee_185,Engineering,39,86273,7,3.1,4,2022-08-18,False
186,Employee_186,HR,42,121878,1,2.0,35,2023-01-31,False
187,Employee_187,Finance,63,34895,21,1.01,29,2016-04-14,False
188,Employee_188,Sales,57,149968,15,1.7,44,2022-08-24,False
189,Employee_189,Sales,62,145700,28,1.47,18,2024-12-03,False
190,Employee_190,Marketing,59,106559,29,2.8,22,2021-01-08,False
191,Employee_191,Engineering,55,40699,11,3.45,33,2023-06-03,False
192,Employee_192,Finance,38,95061,34,1.85,12,2017-12-28,False
193,Employee_193,HR,58,39715,10,4.76,42,2023-08-15,False
194,Employee_194,Engineering,46,49169,20,1.03,28,2022-03-10,False
195,Employee_195,HR,59,148413,20,4.09,35,2018-10-25,False
196,Employee_196,Marketing,33,46163,4,3.5,21,2016-04-01,False
197,Employee_197,Marketing,44,149264,19,2.49,46,2018-04-17,False
198,Employee_198,Sales,63,35782,36,1.2,35,2019-11-16,True
199,Employee_199,Finance,43,118177,2,3.51,8,2016-10-09,False
200,Employee_200,HR,42,114328,32,2.54,38,2020-02-02,False
201,Employee_201,Engineering,48,145028,8,4.75,18,2015-01-14,False
202,Employee_202,Marketing,52,65585,8,3.17,37,2023-02-05,True
203,Employee_203,Sales,27,60682,3,4.76,5,2024-10-27,False
204,Employee_204,Sales,48,77864,34,1.88,46,2023-01-26,False
205,Employee_205,HR,61,114416,16,3.9,14,2017-12-14,False
206,Employee_206,Marketing,55,85114,33,3.47,19,2020-08-12,False
207,Employee_207,Finance,33,68067,23,3.96,8,2023-07-18,True
208,Employee_208,Marketing,28,72685,31,1.86,31,2017-01-01,True
209,Employee_209,HR,31,48073,0,3.66,3,2020-09-10,False
210,Employee_210,HR,38,66035,7,2.99,49,2016-03-11,False
211,Employee_211,Marketing,47,94977,22,3.97,17,2024-10-05,False
212,Employee_212,HR,42,132710,39,2.31,4,2022-01-05,True
213,Employee_213,Marketing,49,120373,11,4.56,19,2018-05-07,False
214,Employee_214,Engineering,23,113362,11,1.34,22,2024-06-09,False
215,Employee_215,Marketing,64,120517,14,4.23,10,2022-03-02,False
216,Employee_216,Marketing,22,95450,18,4.45,36,2020-09-10,False
217,Employee_217,HR,57,40382,25,4.27,21,2021-10-30,False
218,Employee_218,HR,47,34437,28,3.05,3,2017-03-25,True
219,Employee_219,Sales,50,100971,21,2.75,28,2016-09-18,True
220,Employee_220,Sales,42,94612,39,4.99,43,2019-03-12,False
221,Employee_221,Engineering,32,120355,20,1.92,33,2023-07-21,False
222,Employee_222,Sales,61,91929,37,3.19,12,2016-10-23,True
223,Employee_223,Marketing,32,132411,19,3.68,41,2021-01-18,False
224,Employee_224,HR,57,127518,28,3.8,8,2023-09-25,True
225,Employee_225,Sales,60,128864,3,1.82,41,2020-12-12,False
226,Employee_226,Sales,61,42329,6,3.62,30,2015-01-03,False
227,Employee_227,Engineering,56,55169,27,4.27,6,2021-09-19,False
228,Employee_228,Engineering,55,117468,27,1.2,3,2018-08-20,False
229,Employee_229,Marketing,45,64594,3,4.65,18,2020-06-24,False
230,Employee_230,HR,43,106957,21,1.12,41,2015-03-21,False
231,Employee_231,Engineering,26,90631,11,2.42,29,2016-04-03,False
232,Employee_232,Sales,54,75033,2,1.06,30,2019-01-26,False
233,Employee_233,HR,57,93133,21,1.31,34,2024-11-08,True
234,Employee_234,HR,41,103165,1,4.64,20,2024-04-29,False
235,Employee_235,Sales,40,103861,23,2.42,30,2024-01-18,False
236,Employee_236,Engineering,56,82290,33,2.7,18,2018-06-13,False
237,Employee_237,Sales,64,124031,26,1.86,30,2017-09-07,False
238,Employee_238,HR,38,61750,0,3.39,31,2015-08-26,False
239,Employee_239,Finance,64,125155,7,3.38,1,2017-09-13,False
240,Employee_240,Finance,55,70461,22,2.49,9,2024-11-05,False
241,Employee_241,Marketing,30,103800,37,2.33,1,2021-05-12,False
242,Employee_242,Sales,47,108222,5,4.54,1,2015-11-19,False
243,Employee_243,Sales,23,142020,21,2.53,23,2015-12-17,False
244,Employee_244,Marketing,30,54226,24,2.97,16,2023-03-17,True
245,Employee_245,Marketing,30,36721,17,2.13,31,2020-06-13,False
246,Employee_246,Marketing,61,86154,16,4.15,15,2024-02-25,False
247,Employee_247,HR,38,50609,11,2.59,15,2015-10-11,True
248,Employee_248,Sales,22,82130,5,3.05,45,2023-07-13,False
249,Employee_249,HR,46,102909,25,2.01,38,2020-12-21,False
250,Employee_250,Marketing,64,134211,26,4.95,30,2023-08-03,False
251,Employee_251,Sales,61,85249,7,2.17,42,2016-05-30,False
252,Employee_252,HR,63,78895,18,4.08,23,2016-06-09,False
253,Employee_253,HR,46,124473,0,2.71,0,2022-05-26,True
254,Employee_254,Marketing,60,35656,28,1.82,10,2020-04-30,False
255,Employee_255,Sales,56,104520,34,4.2,20,2021-03-01,False
256,Employee_256,Marketing,24,93740,39,2.33,3,2016-11-07,False
257,Employee_257,Sales,58,94309,13,4.46,6,2017-12-21,True
258,Employee_258,Finance,51,59984,34,4.66,25,2020-12-01,False
259,Employee_259,Engineering,59,148947,19,4.44,46,2024-10-13,False
260,Employee_260,Engineering,55,103822,12,1.14,49,2021-10-20,False
261,Employee_261,Engineering,33,35901,37,4.15,11,2019-09-30,False
262,Employee_262,Marketing,40,61552,7,2.65,30,2017-05-17,False
263,Employee_263,Finance,58,121245,19,4.49,16,2021-01-17,False
264,Employee_264,Sales,38,61055,32,3.55,32,2023-06-21,False
265,Employee_265,HR,31,67685,25,4.33,10,2023-03-09,False
266,Employee_266,Sales,33,103965,38,3.0,27,2022-09-26,False
267,Employee_267,HR,37,44716,20,3.14,31,2017-04-03,True
268,Employee_268,Sales,45,144099,8,1.58,0,2022-12-30,False
269,Employee_269,Finance,40,41138,23,4.14,46,2018-06-30,True
270,Employee_270,HR,29,65298,36,2.68,27,2019-06-23,False
271,Employee_271,Marketing,52,81112,16,3.0,41,2022-07-14,False
272,Employee_272,Sales,42,53429,23,4.14,6,2022-04-15,False
273,Employee_273,Sales,38,80200,20,3.4,1,2019-03-10,False
274,Employee_274,HR,44,101308,38,1.8,41,2019-11-30,False
275,Employee_275,Marketing,58,78244,38,3.36,23,2020-10-20,True
276,Employee_276,Marketing,37,147217,12,2.63,3,2020-01-24,False
277,Employee_277,Finance,27,144055,10,2.88,43,2016-05-10,True
278,Employee_278,Marketing,29,131268,18,1.11,18,2017-10-12,True
279,Employee_279,Marketing,46,135441,10,1.84,25,2017-07-09,False
280,Employee_280,Marketing,39,47347,12,2.12,10,2015-09-20,False
281,Employee_281,Engineering,46,46920,0,3.85,39,2018-10-16,False
282,Employee_282,Finance,33,61822,39,1.05,49,2015-03-28,False
283,Employee_283,Sales,36,76659,18,2.64,42,2021-08-06,True
284,Employee_284,HR,47,70108,11,4.7,10,2021-03-18,False
285,Employee_285,Sales,62,119099,7,1.45,44,2017-07-31,False
286,Employee_286,Finance,47,37967,7,3.07,2,2021-08-07,False
287,Employee_287,HR,53,140719,11,4.15,11,2017-06-21,False
288,Employee_288,Finance,31,41871,32,4.77,2,2015-01-30,False
289,Employee_289,Marketing,37,124299,25,3.99,41,2015-10-18,True
290,Employee_290,HR,28,107452,38,3.88,26,2022-12-09,False
291,Employee_291,Marketing,38,104270,27,4.31,48,2022-01-28,False
292,Employee_292,Sales,44,63613,4,2.78,1,2015-08-30,False
293,Employee_293,Sales,47,58179,7,4.22,48,2017-07-26,False
294,Employee_294,HR,42,82188,24,1.03,15,2015-10-04,False
295,Employee_295,HR,43,85099,26,4.7,1,2015-05-09,False
296,Employee_296,Finance,28,65262,22,2.77,29,2024-08-22,False
297,Employee_297,Finance,35,108213,29,3.21,19,2018-09-15,False
298,Employee_298,Marketing,36,147407,22,2.02,37,2015-10-18,False
299,Employee_299,HR,28,48268,19,3.97,27,2020-10-06,False
300,Employee_300,Sales,30,107866,17,1.31,24,2017-09-01,False
301,Employee_301,Finance,29,116269,17,4.49,31,2018-02-14,False
302,Employee_302,Finance,44,90545,1,4.31,9,2022-07-03,False
303,Employee_303,Sales,50,133483,3,1.86,41,2020-06-11,False
304,Employee_304,Finance,39,122822,29,4.24,39,2017-05-27,False
305,Employee_305,Marketing,52,102146,32,4.15,32,2021-01-17,False
306,Employee_306,HR,51,101966,35,3.53,12,2016-06-25,False
307,Employee_307,Sales,60,69922,17,2.49,40,2023-02-10,False
308,Employee_308,HR,56,109364,36,2.09,41,2024-11-23,False
309,Employee_309,Finance,39,72913,18,1.93,46,2021-05-27,False
310,Employee_310,Finance,63,127033,27,2.27,36,2021-06-18,False
311,Employee_311,Sales,60,134792,39,4.61,15,2020-04-20,False
312,Employee_312,Marketing,38,149425,19,1.31,44,2017-09-22,True
313,Employee_313,Engineering,35,85677,32,4.32,21,2023-10-19,False
314,Employee_314,Sales,52,132154,11,2.4,19,2020-04-21,False
315,Employee_315,Engineering,45,79841,14,3.09,49,2024-01-21,True
316,Employee_316,Engineering,56,76332,38,4.18,42,2019-07-26,False
317,Employee_317,Marketing,55,122062,1,4.54,26,2017-02-18,False
318,Employee_318,Engineering,24,149863,28,2.38,40,2016-01-22,False
319,Employee_319,Engineering,58,125694,9,2.85,15,2016-02-02,False
320,Employee_320,Marketing,64,55032,1,2.66,33,2022-05-23,True
321,Employee_321,Engineering,61,67846,10,1.05,31,2019-11-01,False
322,Employee_322,Engineering,47,89474,12,2.18,25,2018-12-22,False
323,Employee_323,Engineering,44,74936,9,2.84,24,2019-10-01,False
324,Employee_324,Sales,60,59794,13,2.64,1,2019-08-11,True
325,Employee_325,Sales,36,91588,17,3.89,11,2020-03-27,False
326,Employee_326,Sales,25,100984,8,2.54,39,2024-09-08,True
327,Employee_327,Marketing,50,80331,38,2.96,8,2023-03-06,False
328,Employee_328,Finance,43,124397,27,2.72,11,2015-08-10,False
329,Employee_329,Engineering,46,58141,2,3.96,25,2022-07-21,False
330,Employee_330,Engineering,34,39074,19,4.45,8,2022-04-30,False
331,Employee_331,Marketing,39,36406,5,3.13,9,2022-03-31,False
332,Employee_332,Engineering,54,127359,26,4.16,31,2016-02-08,False
333,Employee_333,Sales,37,53291,1,2.19,33,2015-09-06,True
334,Employee_334,Finance,63,71568,28,3.17,47,2019-07-08,False
335,Employee_335,HR,23,127539,37,2.38,19,2023-03-02,False
336,Employee_336,Engineering,56,76851,2,2.66,38,2018-10-21,False
337,Employee_337,Sales,63,129942,15,3.93,1,2023-12-24,False
338,Employee_338,HR,55,84823,29,4.53,0,2024-08-30,False
339,Employee_339,Finance,51,53312,39,1.49,35,2016-03-23,True
340,Employee_340,HR,34,73108,1,3.54,23,2017-10-15,False
341,Employee_341,Sales,34,96918,16,3.33,26,2017-02-23,False
342,Employee_342,HR,39,64171,11,1.47,1,2017-02-18,False
343,Employee_343,Marketing,53,71779,34,1.85,30,2021-01-05,False
344,Employee_344,HR,53,98828,0,2.24,13,2020-01-12,True
345,Employee_345,Engineering,56,137315,14,1.67,1,2016-07-28,False
346,Employee_346,Engineering,60,128723,25,1.97,28,2019-09-25,False
347,Employee_347,Marketing,50,42411,36,2.07,14,2017-01-21,False
348,Employee_348,Sales,50,132821,20,2.34,11,2018-02-14,True
349,Employee_349,Engineering,37,147990,30,4.0,36,2020-03-09,False
350,Employee_350,Finance,31,87009,24,3.29,27,2017-10-20,False
351,Employee_351,Engineering,51,45422,22,4.94,19,2024-10-21,False
352,Employee_352,Engineering,46,72468,23,2.66,38,2015-11-05,False
353,Employee_353,Sales,60,62371,37,4.02,23,2019-12-21,False
354,Employee_354,HR,41,87022,27,4.49,20,2024-01-23,False
355,Employee_355,Engineering,26,101229,20,3.72,9,2024-08-29,False
356,Employee_356,Marketing,22,129071,17,2.65,45,2024-08-07,False
357,Employee_357,HR,51,81196,35,4.01,13,2021-03-04,False
358,Employee_358,Finance,24,110354,34,1.81,36,2016-02-06,False
359,Employee_359,Sales,35,126774,8,2.31,17,2015-07-27,False
360,Employee_360,Finance,51,126410,37,3.19,23,2022-04-25,False
361,Employee_361,HR,25,56715,29,3.3,13,2021-01-23,True
362,Employee_362,HR,39,57605,33,1.09,33,2024-05-17,False
363,Employee_363,HR,58,129853,31,4.78,11,2015-03-02,False
364,Employee_364,Finance,46,61174,2,3.79,21,2016-01-18,False
365,Employee_365,HR,22,39956,2,2.98,5,2023-06-14,True
366,Employee_366,Finance,36,134444,27,4.73,35,2024-07-08,False
367,Employee_367,HR,30,106373,14,2.76,44,2017-08-26,False
368,Employee_368,Marketing,36,99252,22,4.92,35,2016-11-12,True
369,Employee_369,HR,45,91949,39,3.05,21,2019-07-23,False
370,Employee_370,Finance,25,92646,10,1.46,13,2020-06-12,False
371,Employee_371,Engineering,33,100017,31,4.06,15,2020-05-25,False
372,Employee_372,HR,58,93037,35,3.72,35,2017-05-25,True
373,Employee_373,Engineering,58,119818,32,4.09,24,2024-09-11,True
374,Employee_374,Marketing,64,36548,23,4.81,31,2019-07-01,False
375,Employee_375,Sales,27,146981,38,4.11,32,2015-08-29,True
376,Employee_376,Marketing,60,133141,33,3.45,44,2016-11-05,False
377,Employee_377,HR,45,103294,27,4.43,35,2019-04-02,True
378,Employee_378,Engineering,32,139204,36,3.69,19,2015-01-09,False
379,Employee_379,Engineering,34,53177,6,2.63,17,2019-05-19,True
380,Employee_380,Finance,55,54022,3,4.54,37,2017-12-22,False
381,Employee_381,Engineering,46,136297,36,1.89,2,2023-10-17,False
382,Employee_382,Finance,28,35542,0,3.86,22,2023-10-21,False
383,Employee_383,Sales,25,121012,0,4.53,31,2020-02-07,False
384,Employee_384,HR,29,126320,19,3.93,44,2018-03-14,False
385,Employee_385,Finance,41,90428,18,3.79,15,2019-09-29,False
386,Employee_386,Sales,50,52740,28,4.01,4,2022-10-24,False
387,Employee_387,Engineering,31,89353,9,2.86,3,2023-03-12,False
388,Employee_388,Engineering,64,120353,17,4.5,20,2023-10-14,False
389,Employee_389,Sales,55,143132,27,1.81,39,2021-03-26,False
390,Employee_390,Engineering,47,86532,34,1.51,13,2022-06-04,False
391,Employee_391,Sales,62,46052,30,2.14,38,2023-01-21,False
392,Employee_392,Finance,24,130689,26,3.13,30,2020-06-16,False
393,Employee_393,Finance,27,77076,10,3.04,13,2016-09-26,False
394,Employee_394,Sales,26,83420,37,4.28,5,2017-02-16,False
395,Employee_395,Finance,26,30671,4,2.62,11,2018-04-30,False
396,Employee_396,Finance,44,30163,7,2.94,15,2017-06-10,False
397,Employee_397,Finance,30,71424,33,1.05,16,2015-08-28,False
398,Employee_398,Marketing,56,139538,11,2.64,44,2021-06-30,False
399,Employee_399,HR,41,83744,37,3.59,22,2023-04-02,False
400,Employee_400,Engineering,63,100331,0,1.06,13,2021-01-29,False
401,Employee_401,Marketing,56,40634,30,2.12,6,2015-09-07,True
402,Employee_402,Finance,39,34798,3,1.83,45,2023-05-22,False
403,Employee_403,Sales,38,52420,4,1.17,31,2018-07-08,False
404,Employee_404,Finance,45,147043,29,2.92,14,2015-08-23,False
405,Employee_405,HR,24,59300,23,1.73,43,2015-07-25,False
406,Employee_406,Finance,53,119881,2,3.97,16,2021-07-20,False
407,Employee_407,Sales,56,40749,10,4.39,40,2020-05-06,False
408,Employee_408,HR,59,134131,3,3.18,46,2020-08-21,False
409,Employee_409,Finance,34,55121,25,4.93,43,2024-07-24,False
410,Employee_410,HR,46,67487,26,2.8,33,2020-12-15,False
411,Employee_411,Engineering,30,123947,26,3.05,4,2016-10-06,False
412,Employee_412,Engineering,25,63361,5,4.96,44,2015-08-21,False
413,Employee_413,Finance,35,51223,14,1.93,26,2020-09-11,False
414,Employee_414,HR,58,102930,29,4.77,22,2015-11-25,False
415,Employee_415,Sales,55,44056,36,1.17,39,2024-07-19,False
416,Employee_416,Finance,32,58380,36,2.79,13,2017-01-31,False
417,Employee_417,Engineering,62,56035,36,1.28,14,2015-10-08,False
418,Employee_418,Engineering,24,60620,34,3.92,42,2021-09-03,False
419,Employee_419,Finance,49,49877,22,3.43,32,2015-10-06,False
420,Employee_420,HR,50,85316,5,3.83,30,2022-07-28,False
421,Employee_421,Engineering,30,94041,3,2.5,34,2024-08-31,False
422,Employee_422,HR,24,138940,17,2.48,16,2017-08-21,False
423,Employee_423,Engineering,46,147360,8,1.18,27,2019-07-12,False
424,Employee_424,Engineering,55,83352,28,2.4,18,2016-05-06,False
425,Employee_425,Marketing,33,60911,12,4.72,45,2024-12-25,False
426,Employee_426,Engineering,63,62784,16,2.52,22,2021-05-22,False
427,Employee_427,Sales,30,33191,31,4.33,31,2017-10-05,False
428,Employee_428,Finance,36,63160,21,4.37,39,2021-06-29,True
429,Employee_429,Finance,61,120536,3,2.49,12,2021-09-01,False
430,Employee_430,HR,46,134576,4,3.53,19,2015-06-12,False
431,Employee_431,Engineering,26,94641,36,1.38,34,2021-12-11,False
432,Employee_432,Sales,32,79723,12,1.41,4,2015-12-02,False
433,Employee_433,HR,55,33631,33,1.19,8,2019-09-14,False
434,Employee_434,Marketing,45,36172,21,3.32,28,2022-05-16,False
435,Employee_435,HR,36,72080,22,2.7,5,2021-07-18,False
436,Employee_436,HR,59,119097,2,3.19,24,2021-05-04,False
437,Employee_437,Engineering,29,120353,33,3.08,30,2020-11-11,False
438,Employee_438,Marketing,26,50281,31,2.4,21,2018-07-19,False
439,Employee_439,HR,47,58671,20,3.71,1,2017-12-04,False
440,Employee_440,Sales,39,81431,20,4.03,44,2017-04-16,False
441,Employee_441,Sales,27,120900,10,1.06,4,2022-07-06,False
442,Employee_442,Finance,58,137210,38,1.83,26,2023-01-12,False
443,Employee_443,Marketing,34,122961,3,3.85,24,2018-07-10,False
444,Employee_444,Marketing,49,145463,0,2.55,7,2017-09-04,False
445,Employee_445,Finance,26,58602,27,3.65,0,2017-12-23,False
446,Employee_446,HR,34,118789,23,2.39,19,2019-06-10,False
447,Employee_447,Marketing,38,81399,34,2.56,43,2016-06-20,False
448,Employee_448,Sales,61,53472,12,1.63,22,2022-07-14,False
449,Employee_449,Sales,53,79230,33,2.03,31,2022-03-28,False
450,Employee_450,Engineering,50,103616,10,3.42,10,2018-05-13,False
451,Employee_451,Marketing,24,37099,35,2.73,38,2020-02-16,False
452,Employee_452,HR,61,148614,16,4.1,46,2018-07-19,False
453,Employee_453,Finance,55,55431,34,4.41,23,2023-06-07,True
454,Employee_454,Finance,61,86492,17,3.17,10,2015-10-25,False
455,Employee_455,HR,48,126722,39,4.03,28,2015-02-08,True
456,Employee_456,Engineering,34,77684,21,2.23,25,2020-02-21,True
457,Employee_457,Finance,54,60111,23,2.66,15,2021-12-19,False
458,Employee_458,Marketing,27,135387,18,3.85,34,2021-04-25,False
459,Employee_459,Engineering,45,93936,36,2.54,19,2016-02-14,False
460,Employee_460,Marketing,40,52614,38,3.35,45,2015-10-28,False
461,Employee_461,Sales,37,122260,20,1.74,2,2021-01-11,False
462,Employee_462,Engineering,61,71991,7,3.4,0,2017-05-23,False
463,Employee_463,Finance,49,100476,27,4.45,46,2020-09-03,False
464,Employee_464,Engineering,54,147959,4,4.47,0,2017-12-22,False
465,Employee_465,Engineering,62,90920,16,3.9,16,2016-06-26,False
466,Employee_466,Engineering,34,124294,36,3.98,1,2018-11-30,False
467,Employee_467,Engineering,64,93530,35,3.23,28,2024-11-17,False
468,Employee_468,Marketing,46,66224,18,3.34,19,2015-10-09,False
469,Employee_469,Sales,63,37788,26,1.53,5,2024-11-10,False
470,Employee_470,HR,57,58082,33,2.78,7,2017-09-27,False
471,Employee_471,Engineering,48,119570,10,2.8,28,2019-02-22,True
472,Employee_472,Finance,59,131015,11,4.83,47,2018-03-13,False
473,Employee_473,Engineering,28,106816,20,2.72,32,2016-10-08,True
474,Employee_474,Finance,26,113588,10,3.2,2,2019-11-30,False
475,Employee_475,Marketing,64,46531,38,3.13,34,2024-05-08,False
476,Employee_476,Finance,52,118340,27,3.55,4,2021-02-03,False
477,Employee_477,HR,44,124439,4,3.99,26,2022-11-21,False
478,Employee_478,Sales,63,74857,16,1.9,43,2018-05-24,False
479,Employee_479,Finance,31,40142,19,3.11,11,2021-11-10,False
480,Employee_480,Finance,53,145053,11,4.3,19,2024-01-19,False
481,Employee_481,Sales,64,78355,5,2.85,44,2022-05-02,False
482,Employee_482,HR,51,39866,16,2.11,19,2020-12-06,True
483,Employee_483,Engineering,60,100067,18,3.62,8,2015-02-02,False
484,Employee_484,Finance,52,140990,25,4.3,38,2022-06-28,False
485,Employee_485,Sales,39,133634,31,1.25,3,2024-02-29,False
486,Employee_486,Marketing,57,133814,5,4.11,18,2021-03-21,False
487,Employee_487,Sales,23,94027,35,4.29,37,2018-05-11,False
488,Employee_488,Marketing,35,87906,37,2.85,26,2022-06-10,False
489,Employee_489,HR,34,58138,10,4.93,44,2016-02-29,False
490,Employee_490,Engineering,50,122601,32,4.15,42,2024-11-05,False
491,Employee_491,Sales,33,59956,23,4.09,12,2016-07-04,False
492,Employee_492,Finance,60,137268,22,3.99,12,2017-12-19,False
493,Employee_493,HR,23,134797,14,1.6,21,2016-04-17,True
494,Employee_494,Sales,53,106295,26,1.87,27,2024-12-23,False
495,Employee_495,Finance,34,35439,10,2.86,46,2016-03-14,False
496,Employee_496,Sales,48,77241,16,2.06,44,2023-04-29,False
497,Employee_497,Marketing,62,72533,13,2.66,21,2021-03-16,False
498,Employee_498,Sales,38,58270,26,4.55,42,2016-09-28,False
499,Employee_499,Sales,61,108815,17,4.3,18,2018-01-20,False
500,Employee_500,Sales,52,69279,27,3.52,7,2018-02-28,False
501,Employee_501,HR,55,139787,3,4.43,7,2021-10-13,False
502,Employee_502,Sales,45,53888,6,4.14,41,2017-05-12,False
503,Employee_503,Finance,56,47630,34,2.72,25,2023-01-18,False
504,Employee_504,Marketing,27,91063,8,1.8,47,2018-11-05,True
505,Employee_505,Marketing,40,148527,7,3.06,25,2017-04-13,False
506,Employee_506,Sales,51,65144,16,3.94,22,2022-09-16,True
507,Employee_507,HR,28,82161,16,2.75,42,2022-02-10,False
508,Employee_508,HR,31,126718,32,3.67,12,2024-07-25,False
509,Employee_509,Finance,62,121074,31,1.38,27,2017-12-17,False
510,Employee_510,Sales,53,107360,7,3.99,8,2020-09-01,False
511,Employee_511,Marketing,55,80979,18,4.25,19,2020-06-24,False
512,Employee_512,HR,49,127661,37,3.83,18,2017-10-25,False
513,Employee_513,Sales,36,36979,2,4.87,47,2024-06-27,False
514,Employee_514,HR,51,56189,4,4.31,38,2015-07-28,False
515,Employee_515,HR,58,72600,12,4.61,11,2016-01-14,False
516,Employee_516,Marketing,50,89560,30,4.73,14,2022-02-11,False
517,Employee_517,Engineering,43,108040,15,4.21,30,2019-10-01,False
518,Employee_518,Finance,25,91558,31,3.7,13,2024-04-20,False
519,Employee_519,Finance,41,116205,21,1.02,10,2018-02-07,False
520,Employee_520,Marketing,53,36910,28,2.86,25,2015-06-30,False
521,Employee_521,HR,57,87713,21,3.28,41,2015-01-15,False
522,Employee_522,Sales,25,76857,2,2.22,26,2018-09-28,False
523,Employee_523,HR,48,64964,9,2.27,10,2023-08-25,False
524,Employee_524,Marketing,38,115667,20,4.84,37,2016-06-19,False
525,Employee_525,Finance,33,55227,15,4.57,33,2022-02-22,False
526,Employee_526,HR,43,35978,11,4.4,42,2017-12-08,False
527,Employee_527,Finance,38,117527,1,2.62,18,2016-10-23,False
528,Employee_528,Sales,31,47153,23,1.05,5,2023-04-25,False
529,Employee_529,Finance,22,89765,34,1.32,45,2019-12-15,False
530,Employee_530,Finance,43,129084,29,2.25,37,2021-03-09,True
531,Employee_531,Engineering,47,138212,29,1.06,48,2022-11-30,False
532,Employee_532,Engineering,39,69071,34,1.07,41,2019-10-18,False
533,Employee_533,Engineering,35,142990,18,4.67,27,2021-04-16,False
534,Employee_534,Finance,50,99519,7,3.82,0,2015-02-09,False
535,Employee_535,Marketing,33,39503,25,2.24,34,2016-04-03,False
536,Employee_536,Finance,57,90703,39,1.53,39,2015-11-05,False
537,Employee_537,Marketing,56,94379,6,3.05,7,2024-11-26,False
538,Employee_538,Marketing,33,125457,29,1.02,46,2022-10-01,False
539,Employee_539,Engineering,28,87866,6,4.75,6,2016-09-02,False
540,Employee_540,HR,50,46905,2,2.66,10,2021-02-12,False
541,Employee_541,Sales,32,75838,0,2.61,38,2015-05-28,False
542,Employee_542,Engineering,54,88279,35,2.56,3,2024-05-11,True
543,Employee_543,Engineering,27,119489,24,1.28,24,2019-02-21,False
544,Employee_544,HR,36,56806,36,3.55,11,2021-07-13,False
545,Employee_545,Sales,53,75000,0,3.93,25,2021-03-13,False
546,Employee_546,Finance,32,52168,14,3.7,37,2016-08-29,True
547,Employee_547,Finance,44,100119,36,1.55,45,2019-10-27,False
548,Employee_548,Engineering,47,68714,12,3.32,11,2016-06-06,False
549,Employee_549,Sales,55,84093,39,3.28,42,2015-06-21,False
550,Employee_550,Engineering,55,85419,7,4.47,36,2018-06-16,True
551,Employee_551,Marketing,50,79145,4,2.52,45,2019-02-02,False
552,Employee_552,Engineering,25,135432,8,2.49,23,2023-12-05,False
553,Employee_553,Engineering,38,107425,0,3.47,15,2024-08-26,False
554,Employee_554,Finance,56,122949,35,3.53,12,2015-06-13,False
555,Employee_555,Finance,34,107811,34,2.88,24,2019-01-05,False
556,Employee_556,Finance,62,32461,1,2.77,3,2017-05-10,False
557,Employee_557,Marketing,60,44291,39,2.98,10,2022-08-25,True
558,Employee_558,Finance,36,76804,22,4.44,31,2017-10-19,True
559,Employee_559,Sales,50,106971,8,2.84,48,2022-06-24,False
560,Employee_560,HR,50,123471,33,4.76,6,2016-02-26,False
561,Employee_561,Sales,32,94946,13,3.02,45,2018-12-19,False
562,Employee_562,Sales,53,128989,3,4.8,10,2023-10-01,False
563,Employee_563,Finance,23,114080,29,4.33,27,2021-04-12,False
564,Employee_564,HR,35,91332,30,2.45,40,2024-11-30,True
565,Employee_565,HR,41,107794,37,4.45,22,2024-10-22,False
566,Employee_566,HR,43,60841,10,1.44,44,2019-07-23,True
567,Employee_567,Marketing,32,78758,34,4.7,22,2021-12-17,True
568,Employee_568,Finance,48,144726,7,3.53,49,2023-05-28,True
569,Employee_569,HR,24,106272,2,1.22,27,2016-09-25,False
570,Employee_570,Marketing,38,67643,13,3.58,42,2017-08-27,True
571,Employee_571,Engineering,49,80408,12,4.9,46,2024-09-11,True
572,Employee_572,Engineering,50,73950,31,1.28,25,2016-10-27,False
573,Employee_573,Marketing,42,86849,33,3.22,24,2023-12-21,False
574,Employee_574,Marketing,37,130500,18,3.99,28,2024-02-03,False
575,Employee_575,Finance,58,58044,37,4.24,18,2016-12-26,False
576,Employee_576,Finance,41,135469,15,2.66,32,2024-11-19,True
577,Employee_577,Engineering,27,45997,1,1.82,35,2019-08-16,False
578,Employee_578,HR,40,109751,39,1.17,13,2015-04-12,False
579,Employee_579,Engineering,26,128605,16,3.32,13,2017-01-04,False
580,Employee_580,HR,24,53911,33,2.81,34,2023-04-05,False
581,Employee_581,HR,22,85533,15,4.79,29,2018-09-22,False
582,Employee_582,Finance,59,112566,37,1.24,27,2023-10-10,True
583,Employee_583,Sales,36,124870,1,3.74,16,2019-08-14,False
584,Employee_584,Sales,55,44571,1,1.1,2,2023-12-30,True
585,Employee_585,Marketing,56,138255,25,1.69,15,2022-07-06,False
586,Employee_586,Finance,46,124463,12,2.81,45,2024-09-09,False
587,Employee_587,HR,45,87941,30,2.82,29,2023-03-30,False
588,Employee_588,Sales,33,88005,33,3.74,28,2024-02-03,False
589,Employee_589,HR,39,116250,38,4.64,44,2017-10-13,False
590,Employee_590,Sales,36,88712,2,3.56,14,2017-12-28,False
591,Employee_591,Sales,37,73541,7,4.81,45,2016-10-14,False
592,Employee_592,Sales,48,53387,22,4.53,24,2023-10-31,False
593,Employee_593,Finance,29,123980,13,3.34,37,2022-11-12,False
594,Employee_594,Engineering,46,78908,26,4.34,41,2016-03-18,False
595,Employee_595,HR,38,115457,28,3.57,46,2019-04-16,False
596,Employee_596,Finance,50,43057,38,1.31,37,2024-10-12,False
597,Employee_597,Finance,29,94028,38,3.96,22,2015-06-08,False
598,Employee_598,Finance,36,140804,0,1.38,24,2024-08-17,False
599,Employee_599,Finance,48,149246,16,3.38,41,2020-04-11,True
600,Employee_600,Finance,28,85731,29,3.81,6,2017-06-30,False
601,Employee_601,Marketing,24,54858,12,1.27,21,2017-03-28,False
602,Employee_602,HR,50,78689,20,1.92,16,2024-02-27,False
603,Employee_603,Finance,45,74638,18,4.66,17,2020-02-29,False
604,Employee_604,HR,24,121598,18,3.47,48,2018-12-03,False
605,Employee_605,Marketing,41,132386,24,1.99,40,2018-06-04,False
606,Employee_606,Marketing,36,76486,21,3.76,9,2024-03-14,False
607,Employee_607,HR,46,50567,30,3.39,9,2023-12-02,False
608,Employee_608,Sales,51,59739,16,3.01,6,2024-10-08,False
609,Employee_609,Engineering,35,87804,22,4.9,47,2017-07-21,True
610,Employee_610,Sales,28,138821,31,3.73,49,2017-07-02,True
611,Employee_611,Sales,38,33754,9,2.5,37,2015-04-07,False
612,Employee_612,Sales,41,57044,9,4.2,26,2022-05-27,False
613,Employee_613,Finance,57,97260,35,4.54,32,2017-03-02,False
614,Employee_614,Marketing,30,96912,7,1.5,0,2019-06-21,True
615,Employee_615,Sales,59,38706,19,1.8,43,2018-09-06,False
616,Employee_616,Marketing,43,38894,31,1.86,33,2018-02-15,False
617,Employee_617,HR,23,48037,13,3.76,3,2024-09-10,False
618,Employee_618,Engineering,45,113986,27,3.41,16,2015-10-12,True
619,Employee_619,HR,29,111942,23,3.48,3,2023-09-03,False
620,Employee_620,HR,32,81612,14,4.76,42,2018-02-17,False
621,Employee_621,Finance,34,59725,21,4.1,25,2018-12-09,False
622,Employee_622,Engineering,38,35926,29,1.51,3,2022-03-12,False
623,Employee_623,HR,29,134555,3,2.39,0,2020-09-17,False
624,Employee_624,HR,42,39496,12,2.74,6,2019-06-26,False
625,Employee_625,Engineering,39,86447,22,2.58,29,2022-08-15,False
626,Employee_626,Engineering,51,131604,7,3.68,49,2024-06-17,True
627,Employee_627,HR,39,59806,17,4.57,8,2021-01-05,False
628,Employee_628,Engineering,52,118199,11,2.22,34,2018-09-18,False
629,Employee_629,HR,59,71321,30,3.21,7,2015-04-24,False
630,Employee_630,HR,53,132031,13,4.16,23,2016-04-17,False
631,Employee_631,Finance,32,95095,33,2.66,18,2024-11-01,False
632,Employee_632,Sales,46,52656,17,1.67,35,2017-12-05,False
633,Employee_633,HR,54,85147,33,2.9,49,2017-01-01,False
634,Employee_634,Marketing,59,121396,10,1.22,42,2021-07-06,False
635,Employee_635,Sales,62,79666,11,4.77,26,2017-12-23,False
636,Employee_636,Sales,29,112368,14,1.3,31,2015-06-06,False
637,Employee_637,Sales,32,68787,30,2.75,13,2016-03-20,False
638,Employee_638,Finance,43,143767,28,3.12,17,2021-09-09,True
639,Employee_639,HR,45,92946,25,4.94,27,2019-11-15,False
640,Employee_640,Finance,62,51727,17,1.66,28,2018-11-16,False
641,Employee_641,HR,38,138351,31,1.46,15,2023-03-04,True
642,Employee_642,Finance,33,125081,21,1.03,34,2023-10-27,False
643,Employee_643,Finance,53,140058,37,1.62,46,2018-07-08,False
644,Employee_644,Marketing,36,98056,16,1.83,30,2019-11-23,True
645,Employee_645,Finance,37,33081,22,3.52,3,2021-10-19,False
646,Employee_646,Engineering,43,64196,23,1.88,36,2020-09-25,False
647,Employee_647,Marketing,49,66735,7,1.08,16,2016-04-18,False
648,Employee_648,Finance,41,134749,5,4.31,38,2019-04-27,False
649,Employee_649,Sales,54,110102,4,2.46,47,2021-06-19,True
650,Employee_650,Engineering,31,109578,28,2.41,45,2017-02-17,True
651,Employee_651,Engineering,61,55498,27,2.21,25,2017-11-09,False
652,Employee_652,Engineering,53,106865,10,4.9,47,2015-07-01,False
653,Employee_653,Marketing,54,61656,0,1.68,38,2022-12-13,False
654,Employee_654,Finance,23,97695,18,4.59,40,2019-11-22,True
655,Employee_655,Finance,54,67900,8,4.11,3,2015-01-07,False
656,Employee_656,Sales,54,147235,26,1.31,29,2020-10-30,False
657,Employee_657,Sales,62,114899,33,4.95,29,2024-01-17,False
658,Employee_658,Engineering,34,77701,3,2.09,21,2021-01-14,False
659,Employee_659,Sales,51,138777,35,1.39,10,2022-09-14,True
660,Employee_660,Marketing,54,49033,17,4.32,1,2023-01-25,False
661,Employee_661,Finance,34,40805,14,3.83,43,2023-04-28,False
662,Employee_662,Engineering,47,65851,12,3.47,11,2023-04-07,False
663,Employee_663,Sales,43,56832,18,1.62,29,2022-07-09,False
664,Employee_664,Marketing,60,93437,5,2.91,35,2017-03-18,False
665,Employee_665,Marketing,23,145725,11,4.12,17,2019-01-31,False
666,Employee_666,Sales,59,43944,36,2.21,25,2019-11-02,False
667,Employee_667,Finance,60,49873,16,2.25,6,2015-10-14,False
668,Employee_668,Sales,47,70372,22,1.01,0,2022-06-13,False
669,Employee_669,Engineering,36,119464,25,1.7,25,2018-09-14,False
670,Employee_670,Sales,55,45379,28,4.5,22,2021-12-27,False
671,Employee_671,Marketing,63,147322,32,2.77,25,2018-07-09,False
672,Employee_672,Sales,61,66751,26,4.94,44,2022-06-10,False
673,Employee_673,Finance,32,130082,24,2.58,5,2024-07-05,False
674,Employee_674,HR,24,119822,9,3.86,5,2016-05-25,True
675,Employee_675,Sales,27,35110,22,2.13,43,2023-01-27,False
676,Employee_676,Finance,30,84341,20,2.46,7,2018-05-15,False
677,Employee_677,Finance,27,42087,20,1.76,23,2020-09-08,False
678,Employee_678,Marketing,30,53762,12,2.39,21,2018-06-20,False
679,Employee_679,Finance,60,145812,36,3.19,18,2022-06-24,False
680,Employee_680,Finance,52,112617,32,4.97,36,2019-07-31,False
681,Employee_681,Finance,53,130483,23,3.66,17,2018-08-29,False
682,Employee_682,Finance,62,39596,10,1.8,30,2019-07-07,False
683,Employee_683,Engineering,33,133555,16,1.18,36,2022-10-26,False
684,Employee_684,Engineering,29,137539,3,1.51,29,2018-04-26,False
685,Employee_685,Marketing,29,48313,24,3.25,41,2021-03-20,False
686,Employee_686,Sales,49,143175,29,4.06,32,2016-06-05,False
687,Employee_687,Finance,41,96549,8,4.76,9,2017-02-24,False
688,Employee_688,Sales,28,144914,20,1.06,36,2019-09-19,False
689,Employee_689,Sales,32,53705,19,3.09,11,2022-06-16,False
690,Employee_690,Marketing,41,97364,18,2.88,29,2019-04-02,False
691,Employee_691,Finance,37,103445,18,3.62,26,2022-08-06,False
692,Employee_692,Finance,25,133892,11,3.24,38,2023-05-23,False
693,Employee_693,HR,27,108645,36,3.75,8,2016-12-13,False
694,Employee_694,Sales,43,32023,16,3.63,20,2021-11-26,False
695,Employee_695,Sales,47,149654,36,1.47,11,2021-05-20,False
696,Employee_696,Engineering,24,89796,38,4.2,28,2018-05-17,True
697,Employee_697,HR,62,110073,27,1.49,32,2019-07-22,False
698,Employee_698,Engineering,63,122197,34,3.79,42,2021-02-22,False
699,Employee_699,Engineering,35,94429,17,2.66,14,2024-05-07,False
700,Employee_700,Engineering,32,134195,13,3.06,1,2015-01-02,False
701,Employee_701,Marketing,39,91627,34,4.61,38,2018-05-29,False
702,Employee_702,Marketing,33,63848,6,4.56,43,2018-03-21,True
703,Employee_703,Engineering,44,67804,12,4.27,17,2017-05-10,False
704,Employee_704,HR,33,45379,17,3.04,2,2019-10-27,False
705,Employee_705,Sales,34,89664,36,3.94,6,2023-10-24,False
706,Employee_706,HR,46,57766,12,3.05,42,2021-07-03,False
707,Employee_707,Finance,40,139126,35,4.48,17,2021-10-20,False
708,Employee_708,Marketing,57,98099,30,2.61,43,2022-05-05,False
709,Employee_709,Sales,29,66060,1,4.88,37,2018-08-12,False
710,Employee_710,Sales,50,124733,15,4.73,36,2020-03-19,False
711,Employee_711,Finance,53,99122,8,3.97,32,2019-12-15,False
712,Employee_712,Finance,39,46087,8,2.12,43,2019-12-17,True
713,Employee_713,Engineering,27,78868,37,1.53,30,2022-07-30,False
714,Employee_714,Marketing,39,149119,10,4.42,10,2017-05-25,False
715,Employee_715,Marketing,40,53225,21,1.66,3,2020-09-24,True
716,Employee_716,HR,43,125286,32,4.42,17,2020-04-22,False
717,Employee_717,Engineering,58,36643,35,2.96,3,2023-11-26,False
718,Employee_718,Engineering,53,123059,22,2.63,48,2023-12-05,False
719,Employee_719,Engineering,62,66727,33,4.61,33,2023-04-03,False
720,Employee_720,Engineering,24,41005,8,3.42,28,2016-11-26,False
721,Employee_721,Marketing,49,139079,23,3.31,23,2022-05-22,False
722,Employee_722,Marketing,31,95697,7,3.24,21,2015-12-14,False
723,Employee_723,Engineering,56,46029,6,2.48,1,2018-03-08,False
724,Employee_724,HR,50,145281,35,4.14,43,2020-10-12,False
725,Employee_725,Sales,36,44226,17,2.01,5,2022-06-12,False
726,Employee_726,Sales,54,93646,2,4.76,41,2022-02-05,False
727,Employee_727,HR,28,90603,27,4.58,24,2021-12-11,False
728,Employee_728,Engineering,33,58731,5,2.35,20,2018-10-04,False
729,Employee_729,Marketing,51,139458,20,3.92,15,2016-01-18,False
730,Employee_730,Sales,42,140384,27,3.29,30,2024-03-06,True
731,Employee_731,Finance,52,98926,39,2.35,13,2023-06-04,False
732,Employee_732,Finance,45,35997,0,4.95,38,2017-08-20,False
733,Employee_733,HR,41,85506,35,1.1,27,2022-07-18,True
734,Employee_734,Engineering,58,108229,20,2.01,31,2018-06-25,False
735,Employee_735,Sales,25,79815,34,3.08,27,2017-07-09,False
736,Employee_736,Engineering,49,72092,12,3.09,48,2024-01-17,False
737,Employee_737,Sales,41,92539,9,3.36,8,2017-03-26,False
738,Employee_738,HR,45,96077,9,4.01,44,2016-08-26,False
739,Employee_739,HR,53,51817,12,3.49,21,2015-04-11,False
740,Employee_740,Finance,62,67861,36,3.4,31,2015-07-09,True
741,Employee_741,Engineering,57,43428,37,1.21,4,2017-09-29,False
742,Employee_742,Finance,55,73934,23,2.51,22,2020-04-30,False
743,Employee_743,Engineering,57,145555,1,1.93,4,2021-11-08,False
744,Employee_744,Finance,23,144367,21,2.06,41,2024-07-12,False
745,Employee_745,Marketing,36,40258,16,3.22,31,2023-08-14,False
746,Employee_746,Marketing,55,87775,35,1.8,9,2015-10-26,False
747,Employee_747,Marketing,57,111580,13,2.18,38,2020-02-09,False
748,Employee_748,Marketing,27,124947,9,1.95,14,2019-08-25,True
749,Employee_749,Sales,60,35469,34,4.79,6,2024-12-08,False
750,Employee_750,Marketing,63,58854,24,4.78,28,2022-01-23,False
751,Employee_751,HR,33,36256,2,3.44,46,2021-06-15,False
752,Employee_752,HR,24,106256,37,4.7,2,2017-03-07,False
753,Employee_753,Sales,39,63937,16,4.14,18,2023-01-21,False
754,Employee_754,Marketing,61,129134,11,3.36,9,2022-10-23,False
755,Employee_755,Marketing,42,31651,23,1.03,27,2019-04-22,False
756,Employee_756,Marketing,36,80288,28,4.09,28,2020-07-17,False
757,Employee_757,Finance,54,114730,24,3.81,14,2019-06-25,False
758,Employee_758,Engineering,56,55051,35,3.46,34,2017-09-26,False
759,Employee_759,Finance,47,57386,25,4.04,5,2016-08-27,False
760,Employee_760,Engineering,29,105054,37,3.05,11,2022-05-11,False
761,Employee_761,Marketing,57,141562,0,3.82,46,2022-09-17,False
762,Employee_762,Marketing,51,46184,19,4.74,37,2015-01-23,False
763,Employee_763,Finance,44,63787,27,2.5,12,2023-06-03,False
764,Employee_764,Finance,63,51621,15,3.83,28,2024-08-25,True
765,Employee_765,Engineering,35,105564,16,2.9,18,2023-08-21,True
766,Employee_766,HR,35,107984,39,3.7,2,2024-12-05,False
767,Employee_767,Engineering,23,89792,27,4.05,7,2016-03-12,False
768,Employee_768,Finance,58,75253,11,1.18,7,2023-09-24,False
769,Employee_769,Finance,26,64051,26,3.59,19,2019-10-08,True
770,Employee_770,Sales,59,79811,29,1.91,46,2017-06-15,True
771,Employee_771,Finance,62,60447,33,3.68,3,2016-12-21,False
772,Employee_772,Sales,35,113930,36,2.87,20,2024-01-07,True
773,Employee_773,HR,60,130037,5,4.09,2,2022-10-21,False
774,Employee_774,Engineering,46,60254,6,1.49,44,2020-10-22,False
775,Employee_775,Engineering,41,114045,31,3.51,7,2020-03-17,False
776,Employee_776,Sales,23,146859,31,2.11,22,2015-07-25,True
777,Employee_777,Engineering,60,87418,24,4.41,15,2021-04-02,False
778,Employee_778,Finance,27,144534,32,4.71,12,2017-10-17,True
779,Employee_779,Marketing,38,44472,6,4.99,2,2024-07-06,False
780,Employee_780,Sales,46,141193,11,4.18,47,2016-05-12,False
781,Employee_781,Engineering,49,33471,15,4.01,8,2020-02-13,False
782,Employee_782,Sales,23,137332,15,1.86,13,2016-06-30,False
783,Employee_783,Sales,56,125804,35,2.34,12,2023-12-27,False
784,Employee_784,Marketing,58,38329,12,2.86,6,2020-03-18,False
785,Employee_785,Finance,26,64865,6,4.09,14,2022-06-27,False
786,Employee_786,Sales,22,76850,35,4.66,6,2020-12-15,False
787,Employee_787,Engineering,61,84220,8,1.76,37,2021-04-08,False
788,Employee_788,HR,33,142234,31,4.69,33,2021-09-04,False
789,Employee_789,Sales,57,123808,10,3.78,40,2018-07-23,False
790,Employee_790,Sales,44,138381,7,3.44,21,2023-06-21,False
791,Employee_791,Marketing,52,36397,32,1.8,23,2019-12-18,False
792,Employee_792,Finance,32,127909,22,1.22,48,2021-11-14,False
793,Employee_793,HR,31,65525,24,3.27,36,2024-02-21,False
794,Employee_794,Engineering,24,83072,7,3.61,43,2023-01-25,False
795,Employee_795,HR,35,120106,21,1.84,0,2020-08-29,True
796,Employee_796,Engineering,37,113820,3,3.23,9,2019-10-14,False
797,Employee_797,Finance,31,114530,39,4.43,42,2024-04-25,False
798,Employee_798,Engineering,50,53284,2,4.34,15,2021-02-22,False
799,Employee_799,Marketing,31,91330,28,4.71,45,2020-01-01,False
800,Employee_800,Marketing,33,113369,28,2.46,7,2016-10-13,False
801,Employee_801,Marketing,51,55122,33,2.27,48,2023-05-05,True
802,Employee_802,Marketing,62,100553,33,4.0,24,2024-08-29,False
803,Employee_803,HR,22,111906,27,2.72,49,2020-04-28,True
804,Employee_804,Finance,26,124788,12,1.35,11,2020-01-18,False
805,Employee_805,Engineering,41,92812,14,2.13,24,2017-11-27,False
806,Employee_806,Engineering,29,37999,22,2.67,16,2023-06-07,False
807,Employee_807,Marketing,64,52436,25,2.17,25,2017-10-09,False
808,Employee_808,Marketing,33,72963,3,2.33,45,2024-06-02,False
809,Employee_809,Sales,22,32096,25,2.18,47,2022-02-24,True
810,Employee_810,Finance,41,143737,39,1.17,13,2018-02-09,False
811,Employee_811,HR,49,55279,8,3.55,40,2023-08-03,False
812,Employee_812,Engineering,64,138899,4,3.39,35,2023-09-21,False
813,Employee_813,Sales,58,144245,31,3.61,22,2020-11-05,False
814,Employee_814,Sales,58,56201,19,1.77,42,2020-06-07,False
815,Employee_815,Engineering,33,49715,10,2.18,5,2022-01-11,False
816,Employee_816,HR,58,59309,14,3.48,46,2017-09-06,True
817,Employee_817,Sales,49,45078,31,3.4,4,2018-01-29,False
818,Employee_818,Sales,36,86614,27,3.03,42,2019-12-07,False
819,Employee_819,Finance,27,35105,21,2.4,24,2015-11-14,True
820,Employee_820,HR,41,147666,16,4.65,17,2023-01-01,False
821,Employee_821,Sales,35,124848,25,2.36,12,2018-03-16,False
822,Employee_822,HR,23,32839,6,2.82,42,2017-08-18,False
823,Employee_823,Engineering,30,98920,25,3.71,13,2018-01-17,True
824,Employee_824,Marketing,58,73619,24,3.17,27,2018-10-07,False
825,Employee_825,Sales,41,72821,9,2.39,17,2018-08-02,False
826,Employee_826,Finance,47,43493,18,2.74,27,2021-01-21,False
827,Employee_827,Engineering,50,47069,10,4.18,26,2015-11-27,False
828,Employee_828,HR,22,142443,12,2.11,31,2016-07-20,False
829,Employee_829,Engineering,56,37531,7,1.57,46,2016-09-09,False
830,Employee_830,Sales,27,67051,39,2.25,8,2017-08-05,False
831,Employee_831,HR,58,37736,3,4.4,39,2019-04-18,False
832,Employee_832,Marketing,26,37710,30,1.36,31,2022-10-13,False
833,Employee_833,Engineering,54,97155,27,4.97,19,2016-09-17,False
834,Employee_834,Sales,35,43975,10,3.16,27,2022-12-03,False
835,Employee_835,Finance,33,92424,0,4.94,32,2017-05-26,False
836,Employee_836,HR,63,75603,37,4.76,3,2015-09-21,False
837,Employee_837,Engineering,41,53252,23,2.81,45,2019-08-27,False
838,Employee_838,Engineering,45,110797,30,1.79,33,2019-07-28,False
839,Employee_839,Marketing,64,31431,25,1.66,47,2018-09-17,False
840,Employee_840,Marketing,55,104603,4,1.96,2,2021-01-31,False
841,Employee_841,Finance,46,67481,19,3.84,25,2020-03-23,False
842,Employee_842,Finance,50,122573,10,2.09,7,2019-08-31,False
843,Employee_843,Sales,60,39557,32,2.37,5,2015-09-13,False
844,Employee_844,Sales,52,104971,37,2.8,15,2017-04-27,False
845,Employee_845,Finance,64,133302,26,4.65,23,2024-05-04,False
846,Employee_846,Finance,44,30162,33,1.76,47,2019-09-17,False
847,Employee_847,HR,59,64742,14,1.02,38,2019-05-15,False
848,Employee_848,Marketing,41,49675,31,1.24,29,2023-08-20,False
849,Employee_849,Sales,44,103997,20,4.62,44,2021-07-20,False
850,Employee_850,Marketing,37,47015,4,3.59,12,2022-10-19,False
851,Employee_851,Marketing,63,80057,5,2.09,4,2015-03-22,False
852,Employee_852,Finance,29,62591,37,1.71,24,2024-08-10,False
853,Employee_853,HR,42,123583,21,2.18,19,2024-11-16,False
854,Employee_854,Engineering,22,130318,17,1.46,17,2023-08-02,False
855,Employee_855,HR,29,39833,13,4.77,46,2021-06-16,False
856,Employee_856,HR,50,37896,9,4.14,17,2019-04-08,False
857,Employee_857,Marketing,53,62972,12,2.85,1,2020-05-07,False
858,Employee_858,HR,59,79733,30,4.46,9,2015-01-25,False
859,Employee_859,Sales,26,71800,29,2.0,44,2018-12-11,False
860,Employee_860,Marketing,43,126044,2,3.87,49,2018-05-08,True
861,Employee_861,Sales,55,35347,29,4.42,46,2023-06-14,False
862,Employee_862,Engineering,22,89063,5,2.43,11,2019-05-17,False
863,Employee_863,Marketing,47,125850,28,4.03,46,2024-07-27,False
864,Employee_864,Engineering,64,32643,7,2.18,12,2024-05-16,False
865,Employee_865,Marketing,31,70785,32,2.2,49,2019-09-13,False
866,Employee_866,Finance,51,48681,16,1.43,46,2021-01-13,False
867,Employee_867,HR,39,80026,10,2.76,10,2023-05-20,True
868,Employee_868,Finance,38,133864,12,3.92,18,2023-03-29,False
869,Employee_869,Engineering,47,45892,10,4.76,34,2021-02-14,False
870,Employee_870,HR,29,77299,30,3.42,38,2023-12-21,False
871,Employee_871,Marketing,61,47073,27,4.45,25,2021-10-06,False
872,Employee_872,HR,33,132304,5,4.29,45,2017-06-22,False
873,Employee_873,Sales,48,60682,15,1.69,13,2020-06-22,True
874,Employee_874,HR,29,127798,3,2.94,44,2017-06-17,False
875,Employee_875,Sales,46,126894,34,1.47,43,2018-01-22,False
876,Employee_876,HR,25,44289,25,3.73,23,2019-11-21,False
877,Employee_877,Sales,54,145359,11,4.8,40,2020-06-12,False
878,Employee_878,Engineering,22,37927,10,1.55,0,2015-04-29,False
879,Employee_879,Finance,40,78330,36,3.94,42,2019-05-12,False
880,Employee_880,Marketing,52,96707,24,3.53,21,2018-10-08,False
881,Employee_881,HR,37,107454,17,3.33,22,2022-07-02,False
882,Employee_882,Finance,35,137439,18,2.56,18,2022-08-13,False
883,Employee_883,Marketing,26,134646,22,2.42,17,2023-12-14,False
884,Employee_884,Marketing,62,95428,37,1.18,11,2019-07-15,False
885,Employee_885,Sales,47,80601,17,1.87,27,2023-02-14,False
886,Employee_886,Engineering,49,107465,25,1.06,27,2016-11-07,False
887,Employee_887,Engineering,23,32539,5,3.33,32,2024-06-04,False
888,Employee_888,Finance,27,132263,3,1.42,18,2020-03-29,False
889,Employee_889,Engineering,30,141487,28,4.49,27,2016-06-06,False
890,Employee_890,HR,54,52669,33,3.09,48,2021-12-23,True
891,Employee_891,Engineering,62,100968,16,3.8,36,2020-12-27,True
892,Employee_892,Finance,46,50644,15,2.64,25,2015-04-21,False
893,Employee_893,Engineering,34,48745,1,3.24,34,2019-06-02,False
894,Employee_894,HR,30,58228,33,4.77,33,2021-08-21,False
895,Employee_895,Sales,34,148358,7,1.33,34,2021-04-30,False
896,Employee_896,Finance,52,64521,12,2.02,39,2022-06-08,False
897,Employee_897,Sales,62,127239,7,4.12,15,2015-04-22,False
898,Employee_898,Sales,32,56928,29,1.39,37,2015-12-10,False
899,Employee_899,Sales,25,48322,31,1.3,12,2022-03-17,False
900,Employee_900,Marketing,55,87714,35,2.45,22,2019-10-22,False
901,Employee_901,Marketing,59,117896,29,1.37,21,2016-07-09,False
902,Employee_902,Sales,25,92292,0,3.34,15,2024-09-20,False
903,Employee_903,Finance,59,59055,38,1.91,27,2020-03-06,False
904,Employee_904,HR,40,72891,16,4.58,47,2017-01-14,False
905,Employee_905,HR,27,111912,19,4.13,34,2015-07-25,False
906,Employee_906,Engineering,55,36588,23,3.8,44,2017-12-01,False
907,Employee_907,Finance,39,120536,21,3.47,45,2019-04-02,False
908,Employee_908,Marketing,34,36304,28,4.45,7,2018-09-02,True
909,Employee_909,Sales,62,37345,21,1.89,43,2017-05-16,False
910,Employee_910,Engineering,44,59300,8,4.49,21,2020-02-06,True
911,Employee_911,HR,40,54259,36,4.16,20,2018-08-31,False
912,Employee_912,Marketing,32,121006,9,3.99,25,2018-10-14,False
913,Employee_913,Marketing,22,118553,35,3.25,39,2023-07-15,False
914,Employee_914,Sales,45,45352,36,1.98,20,2024-11-12,False
915,Employee_915,HR,28,63365,27,2.69,24,2019-04-02,True
916,Employee_916,Finance,46,49446,27,4.17,40,2018-02-13,False
917,Employee_917,Marketing,42,32336,20,1.13,0,2023-06-08,False
918,Employee_918,Sales,36,92032,23,4.13,5,2024-04-30,False
919,Employee_919,Finance,22,105415,39,1.96,22,2019-09-23,True
920,Employee_920,HR,33,127852,1,1.58,22,2017-10-30,False
921,Employee_921,Marketing,28,128876,7,1.46,42,2024-05-12,True
922,Employee_922,Finance,36,37521,26,1.11,42,2015-12-02,False
923,Employee_923,Finance,42,101707,21,3.09,22,2020-04-10,False
924,Employee_924,Finance,40,53481,36,1.87,31,2015-03-21,False
925,Employee_925,Marketing,50,48474,26,4.96,29,2023-05-27,False
926,Employee_926,Marketing,46,76760,28,3.3,12,2021-01-18,True
927,Employee_927,Engineering,54,85718,2,1.55,42,2015-08-02,False
928,Employee_928,HR,53,74629,12,3.76,17,2018-12-04,False
929,Employee_929,Sales,56,75232,9,4.59,22,2017-07-07,False
930,Employee_930,Finance,59,116544,35,3.98,14,2022-04-16,False
931,Employee_931,Engineering,47,97169,8,1.31,32,2015-10-09,False
932,Employee_932,Sales,32,80669,26,4.58,20,2023-10-05,False
933,Employee_933,Engineering,56,108021,33,4.18,38,2022-04-23,False
934,Employee_934,Marketing,29,139153,0,1.63,22,2015-06-14,False
935,Employee_935,Finance,35,99184,31,1.21,26,2023-06-17,False
936,Employee_936,Sales,31,77945,24,3.23,44,2015-05-08,False
937,Employee_937,Sales,23,43140,28,1.62,43,2017-10-09,False
938,Employee_938,Sales,30,113457,6,4.34,17,2017-03-27,False
939,Employee_939,Sales,24,44357,2,2.43,23,2024-05-30,True
940,Employee_940,Sales,42,141672,19,4.65,46,2015-03-25,False
941,Employee_941,Engineering,47,98673,19,3.26,39,2021-12-19,False
942,Employee_942,Finance,29,95633,29,1.73,41,2016-09-16,False
943,Employee_943,Marketing,23,106943,34,1.56,6,2017-09-04,False
944,Employee_944,Marketing,27,126111,34,3.31,49,2016-06-01,False
945,Employee_945,Marketing,49,108258,38,4.05,47,2020-04-23,False
946,Employee_946,Marketing,50,42924,26,4.13,19,2022-07-05,False
947,Employee_947,Engineering,47,99286,25,2.1,26,2016-04-13,False
948,Employee_948,HR,46,123269,13,1.82,5,2021-04-29,False
949,Employee_949,Finance,33,104071,16,1.07,26,2017-06-11,True
950,Employee_950,Sales,26,87326,17,3.72,8,2020-03-19,False
951,Employee_951,HR,55,120023,28,1.31,44,2022-11-05,True
952,Employee_952,Marketing,58,60651,19,2.68,30,2017-11-15,False
953,Employee_953,HR,36,100202,26,3.41,20,2023-08-08,False
954,Employee_954,Finance,57,78777,17,4.75,25,2019-02-19,False
955,Employee_955,Sales,36,46994,3,2.25,39,2016-11-18,False
956,Employee_956,Sales,64,97263,0,2.0,47,2021-10-17,False
957,Employee_957,Finance,44,89634,0,3.62,44,2021-10-23,False
958,Employee_958,Finance,27,130158,25,3.48,12,2023-05-22,False
959,Employee_959,Marketing,64,40800,19,2.33,48,2023-01-21,False
960,Employee_960,Sales,42,67823,22,4.71,22,2016-04-14,False
961,Employee_961,HR,44,138575,9,4.38,19,2023-09-21,False
962,Employee_962,Engineering,64,93878,10,1.9,36,2024-03-09,False
963,Employee_963,Engineering,37,48708,4,1.96,27,2016-11-01,False
964,Employee_964,Finance,36,42819,0,3.05,16,2018-06-28,False
965,Employee_965,Marketing,46,104905,16,4.09,27,2016-03-18,False
966,Employee_966,Engineering,57,93870,21,1.18,40,2021-06-28,False
967,Employee_967,Sales,32,39283,33,3.77,1,2015-04-16,False
968,Employee_968,Finance,36,60573,28,3.59,24,2018-07-01,False
969,Employee_969,HR,25,108707,3,1.93,49,2021-06-16,False
970,Employee_970,Finance,42,60933,4,3.73,40,2022-08-06,False
971,Employee_971,HR,34,35774,10,4.76,5,2019-03-18,False
972,Employee_972,Finance,43,102055,20,1.19,10,2019-06-13,False
973,Employee_973,Finance,40,40983,34,2.28,37,2023-01-07,False
974,Employee_974,Finance,55,126468,11,2.75,5,2017-03-23,False
975,Employee_975,HR,35,126334,25,4.6,44,2015-11-08,False
976,Employee_976,HR,25,48133,18,4.85,10,2021-08-22,False
977,Employee_977,Finance,48,44939,6,2.78,13,2022-09-29,False
978,Employee_978,Engineering,50,30781,6,4.0,1,2024-04-25,True
979,Employee_979,Marketing,49,144586,25,3.13,39,2022-01-13,False
980,Employee_980,Marketing,56,86700,39,3.15,2,2017-09-21,False
981,Employee_981,Marketing,29,57624,4,2.11,34,2016-02-22,False
982,Employee_982,HR,37,36823,20,1.87,32,2022-10-26,False
983,Employee_983,HR,63,48489,13,2.15,23,2023-08-31,False
984,Employee_984,Engineering,57,148555,3,3.23,18,2018-05-20,False
985,Employee_985,Marketing,51,69961,22,1.12,17,2024-07-14,False
986,Employee_986,Marketing,39,149664,19,4.63,48,2022-09-03,False
987,Employee_987,Finance,23,59118,14,1.63,23,2021-09-25,True
988,Employee_988,HR,34,130417,28,1.88,44,2024-01-13,False
989,Employee_989,Marketing,25,111816,7,3.07,34,2016-05-10,False
990,Employee_990,Engineering,47,52263,18,3.84,0,2023-12-06,False
991,Employee_991,Engineering,46,43565,38,1.38,35,2021-05-07,True
992,Employee_992,Marketing,51,50354,27,2.27,24,2023-10-11,False
993,Employee_993,HR,32,72951,26,4.87,44,2015-06-18,False
994,Employee_994,Engineering,28,121179,3,2.05,48,2018-11-23,False
995,Employee_995,Finance,52,53648,14,2.25,42,2020-12-22,True
996,Employee_996,Engineering,31,80729,34,4.35,33,2019-10-21,False
997,Employee_997,Sales,60,71971,36,1.2,24,2022-06-02,False
998,Employee_998,Sales,34,48658,0,2.86,15,2019-02-26,False
999,Employee_999,HR,52,51253,2,2.52,33,2015-10-10,False
1000,Employee_1000,Marketing,28,94166,23,2.27,28,2020-09-03,False
